<?xml version="1.0" encoding="utf-8"?>
<unattend xmlns="urn:schemas-microsoft-com:unattend">
    <servicing></servicing>
    <settings pass="windowsPE">
        <component name="Microsoft-Windows-International-Core-WinPE" processorArchitecture="amd64" publicKeyToken="31bf3856ad364e35" language="neutral" versionScope="nonSxS" xmlns:wcm="http://schemas.microsoft.com/WMIConfig/2002/State" xmlns:xsi="http://www.w3.org/2001/XMLSchema-instance">
            <SetupUILanguage>
                <UILanguage>DE-AT</UILanguage>
            </SetupUILanguage>
            <InputLocale>0c07:00000407</InputLocale>
            <UILanguage>de-DE</UILanguage>
            <UILanguageFallback>de-DE</UILanguageFallback>
            <UserLocale>de-AT</UserLocale>
            <SystemLocale>de-DE</SystemLocale>
        </component>
        <component name="Microsoft-Windows-Setup" processorArchitecture="amd64" publicKeyToken="31bf3856ad364e35" language="neutral" versionScope="nonSxS" xmlns:wcm="http://schemas.microsoft.com/WMIConfig/2002/State" xmlns:xsi="http://www.w3.org/2001/XMLSchema-instance">
            <DiskConfiguration>
                <Disk wcm:action="add">
                    <DiskID>0</DiskID>
                    <WillWipeDisk>true</WillWipeDisk>
                    <CreatePartitions>
                        <!-- Recovery partition -->
                        <CreatePartition wcm:action="add">
                            <Order>1</Order>
                            <Type>Primary</Type>
                            <Size>250</Size>
                        </CreatePartition>
                        <!-- EFI system partition (ESP) -->
                        <CreatePartition wcm:action="add">
                            <Order>2</Order>
                            <Type>EFI</Type>
                            <Size>100</Size>
                        </CreatePartition>
                        <!-- Microsoft reserved partition (MSR) -->
                        <CreatePartition wcm:action="add">
                            <Order>3</Order>
                            <Type>MSR</Type>
                            <Size>128</Size>
                        </CreatePartition>
                        <!-- Windows partition -->
                        <CreatePartition wcm:action="add">
                            <Order>4</Order>
                            <Type>Primary</Type>
                            <Extend>true</Extend>
                        </CreatePartition>
                    </CreatePartitions>
                    <ModifyPartitions>
                        <!-- Recovery partition -->
                        <ModifyPartition wcm:action="add">
                            <Order>1</Order>
                            <PartitionID>1</PartitionID>
                            <Label>Recovery</Label>
                            <Format>NTFS</Format>
                            <TypeID>de94bba4-06d1-4d40-a16a-bfd50179d6ac</TypeID>
                        </ModifyPartition>
                        <!-- EFI system partition (ESP) -->
                        <ModifyPartition wcm:action="add">
                            <Order>2</Order>
                            <PartitionID>2</PartitionID>
                            <Label>System</Label>
                            <Format>FAT32</Format>
                        </ModifyPartition>
                        <!-- MSR partition does not need to be modified -->
                        <!-- Windows partition -->
                        <ModifyPartition wcm:action="add">
                            <Order>3</Order>
                            <PartitionID>4</PartitionID>
                            <Label>Windows</Label>
                            <Letter>C</Letter>
                            <Format>NTFS</Format>
                        </ModifyPartition>
                    </ModifyPartitions>
                </Disk>
                <WillShowUI>OnError</WillShowUI>
            </DiskConfiguration>
            <ImageInstall>
                <OSImage>
                    <InstallTo>
                        <DiskID>0</DiskID>
                        <PartitionID>4</PartitionID>
                    </InstallTo>
                    <WillShowUI>OnError</WillShowUI>
                    <InstallFrom>
                        <MetaData wcm:action="add">
                            <Key>/image/name</Key>
                            <Value>Windows 10 Pro</Value>
                        </MetaData>
                    </InstallFrom>
                </OSImage>
            </ImageInstall>
            <UserData>
                <AcceptEula>true</AcceptEula>
                <Organization></Organization>
                <ProductKey>
                    <Key>Key einfügen</Key>
                    <WillShowUI>OnError</WillShowUI>
                </ProductKey>
            </UserData>
        </component>
    </settings>
    <settings pass="oobeSystem">
        <component name="Microsoft-Windows-Shell-Setup" processorArchitecture="amd64" publicKeyToken="31bf3856ad364e35" language="neutral" versionScope="nonSxS" xmlns:wcm="http://schemas.microsoft.com/WMIConfig/2002/State" xmlns:xsi="http://www.w3.org/2001/XMLSchema-instance">
            <OOBE>
                <HideEULAPage>true</HideEULAPage>
                <HideLocalAccountScreen>true</HideLocalAccountScreen>
                <HideOEMRegistrationScreen>true</HideOEMRegistrationScreen>
                <HideOnlineAccountScreens>true</HideOnlineAccountScreens>
                <HideWirelessSetupInOOBE>true</HideWirelessSetupInOOBE>
                <ProtectYourPC>1</ProtectYourPC>
            </OOBE>
            <UserAccounts>
                <LocalAccounts>
                    <LocalAccount wcm:action="add">
                        <Password>
                            <Value>YQBkAG0AaQBuAFAAYQBzAHMAdwBvAHIAZAA=</Value>
                            <PlainText>false</PlainText>
                        </Password>
                        <DisplayName>Admin</DisplayName>
                        <Name>admin</Name>
                        <Group>Administrators</Group>
                    </LocalAccount>
                </LocalAccounts>
            </UserAccounts>
        </component>
        <component name="Microsoft-Windows-Deployment" processorArchitecture="amd64" publicKeyToken="31bf3856ad364e35" language="neutral" versionScope="nonSxS" xmlns:wcm="http://schemas.microsoft.com/WMIConfig/2002/State" xmlns:xsi="http://www.w3.org/2001/XMLSchema-instance">
            <Reseal>
                <Mode>OOBE</Mode>
            </Reseal>
        </component>
        <component name="Microsoft-Windows-International-Core" processorArchitecture="amd64" publicKeyToken="31bf3856ad364e35" language="neutral" versionScope="nonSxS" xmlns:wcm="http://schemas.microsoft.com/WMIConfig/2002/State" xmlns:xsi="http://www.w3.org/2001/XMLSchema-instance">
            <InputLocale>0c07:00000407</InputLocale>
            <SystemLocale>de-DE</SystemLocale>
            <UILanguage>de-DE</UILanguage>
            <UILanguageFallback>de-DE</UILanguageFallback>
            <UserLocale>de-AT</UserLocale>
        </component>
    </settings>
    <cpi:offlineImage cpi:source="wim:c:/win10/sources/install.wim#Windows 10 Education" xmlns:cpi="urn:schemas-microsoft-com:cpi" />
</unattend>
