<?xml version="1.0" encoding="utf-8"?>
<unattend xmlns="urn:schemas-microsoft-com:unattend">
    <servicing></servicing>
    <settings pass="windowsPE">
        <component name="Microsoft-Windows-International-Core-WinPE" processorArchitecture="amd64" publicKeyToken="31bf3856ad364e35" language="neutral" versionScope="nonSxS" xmlns:wcm="http://schemas.microsoft.com/WMIConfig/2002/State" xmlns:xsi="http://www.w3.org/2001/XMLSchema-instance">
            <SetupUILanguage>
                <UILanguage>DE-AT</UILanguage>
            </SetupUILanguage>
            <InputLocale>0c07:00000407</InputLocale>
            <UILanguage>de-DE</UILanguage>
            <UILanguageFallback>de-DE</UILanguageFallback>
            <UserLocale>de-AT</UserLocale>
            <SystemLocale>de-DE</SystemLocale>
        </component>
        <component name="Microsoft-Windows-Setup" processorArchitecture="amd64" publicKeyToken="31bf3856ad364e35" language="neutral" versionScope="nonSxS" xmlns:wcm="http://schemas.microsoft.com/WMIConfig/2002/State" xmlns:xsi="http://www.w3.org/2001/XMLSchema-instance">
	<DiskConfiguration>
	  <Disk wcm:action="add">
	    <DiskID>0</DiskID> 
	    <WillWipeDisk>true</WillWipeDisk> 
	    <CreatePartitions>
	      <!-- System partition -->
	      <CreatePartition wcm:action="add">
		<Order>1</Order> 
		<Type>Primary</Type> 
		<Size>350</Size> 
	      </CreatePartition>
	      <!-- Windows partition -->
	      <CreatePartition wcm:action="add">
		<Order>2</Order> 
		<Type>Primary</Type> 
		<Extend>true</Extend> 
	      </CreatePartition>
	    </CreatePartitions>
	    <ModifyPartitions>
	      <!-- System partition -->
	      <ModifyPartition wcm:action="add">
		<Order>1</Order> 
		<PartitionID>1</PartitionID> 
		<Label>System</Label> 
		<Letter>S</Letter> 
		<Format>NTFS</Format> 
		<Active>true</Active> 
	      </ModifyPartition>
	      <!-- Windows partition -->
	      <ModifyPartition wcm:action="add">
		<Order>2</Order> 
		<PartitionID>2</PartitionID> 
		<Label>Windows</Label> 
		<Letter>C</Letter> 
		<Format>NTFS</Format> 
	      </ModifyPartition>
	    </ModifyPartitions>
	  </Disk>
	  <WillShowUI>OnError</WillShowUI> 
	</DiskConfiguration>
	<ImageInstall>
		<OSImage>
		    <InstallTo>
			<DiskID>0</DiskID>
			<PartitionID>2</PartitionID>
		    </InstallTo>
		    <WillShowUI>OnError</WillShowUI>
		    <InstallFrom>
			<MetaData wcm:action="add">
			    <Key>/image/name</Key>
			    <Value>Windows 10 Pro</Value>
			</MetaData>
		    </InstallFrom>
		</OSImage>
            </ImageInstall>
            <UserData>
                <AcceptEula>true</AcceptEula>
                <Organization></Organization>
                <ProductKey>
                    <Key>Key einfügen</Key>
                    <WillShowUI>OnError</WillShowUI>
                </ProductKey>
            </UserData>
        </component>
    </settings>
    <settings pass="oobeSystem">
        <component name="Microsoft-Windows-Shell-Setup" processorArchitecture="amd64" publicKeyToken="31bf3856ad364e35" language="neutral" versionScope="nonSxS" xmlns:wcm="http://schemas.microsoft.com/WMIConfig/2002/State" xmlns:xsi="http://www.w3.org/2001/XMLSchema-instance">
            <OOBE>
                <HideEULAPage>true</HideEULAPage>
                <HideLocalAccountScreen>true</HideLocalAccountScreen>
                <HideOEMRegistrationScreen>true</HideOEMRegistrationScreen>
                <HideOnlineAccountScreens>true</HideOnlineAccountScreens>
                <HideWirelessSetupInOOBE>true</HideWirelessSetupInOOBE>
                <ProtectYourPC>1</ProtectYourPC>
            </OOBE>
            <UserAccounts>
                <LocalAccounts>
                    <LocalAccount wcm:action="add">
                        <Password>
                            <Value>YQBkAG0AaQBuAFAAYQBzAHMAdwBvAHIAZAA=</Value>
                            <PlainText>false</PlainText>
                        </Password>
                        <DisplayName>Admin</DisplayName>
                        <Name>admin</Name>
                        <Group>Administrators</Group>
                    </LocalAccount>
                </LocalAccounts>
            </UserAccounts>
        </component>
        <component name="Microsoft-Windows-Deployment" processorArchitecture="amd64" publicKeyToken="31bf3856ad364e35" language="neutral" versionScope="nonSxS" xmlns:wcm="http://schemas.microsoft.com/WMIConfig/2002/State" xmlns:xsi="http://www.w3.org/2001/XMLSchema-instance">
            <Reseal>
                <Mode>OOBE</Mode>
            </Reseal>
        </component>
        <component name="Microsoft-Windows-International-Core" processorArchitecture="amd64" publicKeyToken="31bf3856ad364e35" language="neutral" versionScope="nonSxS" xmlns:wcm="http://schemas.microsoft.com/WMIConfig/2002/State" xmlns:xsi="http://www.w3.org/2001/XMLSchema-instance">
            <InputLocale>0c07:00000407</InputLocale>
            <SystemLocale>de-DE</SystemLocale>
            <UILanguage>de-DE</UILanguage>
            <UILanguageFallback>de-DE</UILanguageFallback>
            <UserLocale>de-AT</UserLocale>
        </component>
    </settings>
    <cpi:offlineImage cpi:source="wim:c:/win10/sources/install.wim#Windows 10 Education" xmlns:cpi="urn:schemas-microsoft-com:cpi" />
</unattend>
